<?xml version="1.0" encoding="UTF-8"?>
<Balancing_MarketDocument xmlns="urn:iec62325.351:tc57wg16:451-6:balancingdocument:3:0">
	<mRID>6df5e34836554c8face6a2ff43cdea64</mRID>
	<revisionNumber>1</revisionNumber>
	<type>A86</type>
	<process.processType>A16</process.processType>
	<sender_MarketParticipant.mRID codingScheme="A01">10X1001A1001A450</sender_MarketParticipant.mRID>
	<sender_MarketParticipant.marketRole.type>A32</sender_MarketParticipant.marketRole.type>
	<receiver_MarketParticipant.mRID codingScheme="A01">10X1001A1001A450</receiver_MarketParticipant.mRID>
	<receiver_MarketParticipant.marketRole.type>A33</receiver_MarketParticipant.marketRole.type>
	<createdDateTime>2025-04-29T15:02:57Z</createdDateTime>
	<docStatus><value>X01</value></docStatus>
	<controlArea_Domain.mRID codingScheme="A01">10YRO-TEL------P</controlArea_Domain.mRID>
	<period.timeInterval>
		<start>2025-04-28T21:00Z</start>
		<end>2025-04-29T14:45Z</end>
	</period.timeInterval>
	<TimeSeries>
		<mRID>1</mRID>
		<businessType>A19</businessType>
		<flowDirection.direction>A01</flowDirection.direction>
		<quantity_Measure_Unit.name>MWH</quantity_Measure_Unit.name>
		<curveType>A01</curveType>
		<Period>
			<timeInterval>
				<start>2025-04-28T21:00Z</start>
				<end>2025-04-28T22:00Z</end>
			</timeInterval>
			<resolution>PT15M</resolution>
			<Point>
				<position>1</position>
				<quantity>2</quantity>
			</Point>
			<Point>
				<position>2</position>
				<quantity>5</quantity>
			</Point>
			<Point>
				<position>3</position>
				<quantity>6</quantity>
			</Point>
			<Point>
				<position>4</position>
				<quantity>1</quantity>
			</Point>
		</Period>
		<Period>
			<timeInterval>
				<start>2025-04-28T22:30Z</start>
				<end>2025-04-28T22:45Z</end>
			</timeInterval>
			<resolution>PT15M</resolution>
			<Point>
				<position>1</position>
				<quantity>2</quantity>
			</Point>
		</Period>
		<Period>
			<timeInterval>
				<start>2025-04-28T23:15Z</start>
				<end>2025-04-29T00:45Z</end>
			</timeInterval>
			<resolution>PT15M</resolution>
			<Point>
				<position>1</position>
				<quantity>0</quantity>
			</Point>
			<Point>
				<position>2</position>
				<quantity>12</quantity>
			</Point>
			<Point>
				<position>3</position>
				<quantity>8</quantity>
			</Point>
			<Point>
				<position>4</position>
				<quantity>1</quantity>
			</Point>
			<Point>
				<position>5</position>
				<quantity>0</quantity>
			</Point>
			<Point>
				<position>6</position>
				<quantity>0</quantity>
			</Point>
		</Period>
		<Period>
			<timeInterval>
				<start>2025-04-29T01:00Z</start>
				<end>2025-04-29T01:30Z</end>
			</timeInterval>
			<resolution>PT15M</resolution>
			<Point>
				<position>1</position>
				<quantity>4</quantity>
			</Point>
			<Point>
				<position>2</position>
				<quantity>2</quantity>
			</Point>
		</Period>
		<Period>
			<timeInterval>
				<start>2025-04-29T02:00Z</start>
				<end>2025-04-29T02:30Z</end>
			</timeInterval>
			<resolution>PT15M</resolution>
			<Point>
				<position>1</position>
				<quantity>0</quantity>
			</Point>
			<Point>
				<position>2</position>
				<quantity>0</quantity>
			</Point>
		</Period>
		<Period>
			<timeInterval>
				<start>2025-04-29T03:15Z</start>
				<end>2025-04-29T09:30Z</end>
			</timeInterval>
			<resolution>PT15M</resolution>
			<Point>
				<position>1</position>
				<quantity>21</quantity>
			</Point>
			<Point>
				<position>2</position>
				<quantity>4</quantity>
			</Point>
			<Point>
				<position>3</position>
				<quantity>1</quantity>
			</Point>
			<Point>
				<position>4</position>
				<quantity>11</quantity>
			</Point>
			<Point>
				<position>5</position>
				<quantity>5</quantity>
			</Point>
			<Point>
				<position>6</position>
				<quantity>13</quantity>
			</Point>
			<Point>
				<position>7</position>
				<quantity>18</quantity>
			</Point>
			<Point>
				<position>8</position>
				<quantity>2</quantity>
			</Point>
			<Point>
				<position>9</position>
				<quantity>0</quantity>
			</Point>
			<Point>
				<position>10</position>
				<quantity>13</quantity>
			</Point>
			<Point>
				<position>11</position>
				<quantity>40</quantity>
			</Point>
			<Point>
				<position>12</position>
				<quantity>8</quantity>
			</Point>
			<Point>
				<position>13</position>
				<quantity>2</quantity>
			</Point>
			<Point>
				<position>14</position>
				<quantity>22</quantity>
			</Point>
			<Point>
				<position>15</position>
				<quantity>63</quantity>
			</Point>
			<Point>
				<position>16</position>
				<quantity>24</quantity>
			</Point>
			<Point>
				<position>17</position>
				<quantity>24</quantity>
			</Point>
			<Point>
				<position>18</position>
				<quantity>42</quantity>
			</Point>
			<Point>
				<position>19</position>
				<quantity>72</quantity>
			</Point>
			<Point>
				<position>20</position>
				<quantity>37</quantity>
			</Point>
			<Point>
				<position>21</position>
				<quantity>34</quantity>
			</Point>
			<Point>
				<position>22</position>
				<quantity>33</quantity>
			</Point>
			<Point>
				<position>23</position>
				<quantity>36</quantity>
			</Point>
			<Point>
				<position>24</position>
				<quantity>43</quantity>
			</Point>
			<Point>
				<position>25</position>
				<quantity>6</quantity>
			</Point>
		</Period>
		<Period>
			<timeInterval>
				<start>2025-04-29T10:45Z</start>
				<end>2025-04-29T13:45Z</end>
			</timeInterval>
			<resolution>PT15M</resolution>
			<Point>
				<position>1</position>
				<quantity>2</quantity>
			</Point>
			<Point>
				<position>2</position>
				<quantity>5</quantity>
			</Point>
			<Point>
				<position>3</position>
				<quantity>5</quantity>
			</Point>
			<Point>
				<position>4</position>
				<quantity>20</quantity>
			</Point>
			<Point>
				<position>5</position>
				<quantity>40</quantity>
			</Point>
			<Point>
				<position>6</position>
				<quantity>38</quantity>
			</Point>
			<Point>
				<position>7</position>
				<quantity>27</quantity>
			</Point>
			<Point>
				<position>8</position>
				<quantity>39</quantity>
			</Point>
			<Point>
				<position>9</position>
				<quantity>21</quantity>
			</Point>
			<Point>
				<position>10</position>
				<quantity>31</quantity>
			</Point>
			<Point>
				<position>11</position>
				<quantity>22</quantity>
			</Point>
			<Point>
				<position>12</position>
				<quantity>10</quantity>
			</Point>
		</Period>
		<Period>
			<timeInterval>
				<start>2025-04-29T14:00Z</start>
				<end>2025-04-29T14:45Z</end>
			</timeInterval>
			<resolution>PT15M</resolution>
			<Point>
				<position>1</position>
				<quantity>6</quantity>
			</Point>
			<Point>
				<position>2</position>
				<quantity>12</quantity>
			</Point>
			<Point>
				<position>3</position>
				<quantity>79</quantity>
			</Point>
		</Period>
	</TimeSeries>
	<TimeSeries>
		<mRID>2</mRID>
		<businessType>A19</businessType>
		<flowDirection.direction>A02</flowDirection.direction>
		<quantity_Measure_Unit.name>MWH</quantity_Measure_Unit.name>
		<curveType>A01</curveType>
		<Period>
			<timeInterval>
				<start>2025-04-28T22:00Z</start>
				<end>2025-04-28T22:30Z</end>
			</timeInterval>
			<resolution>PT15M</resolution>
			<Point>
				<position>1</position>
				<quantity>1</quantity>
			</Point>
			<Point>
				<position>2</position>
				<quantity>0</quantity>
			</Point>
		</Period>
		<Period>
			<timeInterval>
				<start>2025-04-28T22:45Z</start>
				<end>2025-04-28T23:15Z</end>
			</timeInterval>
			<resolution>PT15M</resolution>
			<Point>
				<position>1</position>
				<quantity>1</quantity>
			</Point>
			<Point>
				<position>2</position>
				<quantity>2</quantity>
			</Point>
		</Period>
		<Period>
			<timeInterval>
				<start>2025-04-29T00:45Z</start>
				<end>2025-04-29T01:00Z</end>
			</timeInterval>
			<resolution>PT15M</resolution>
			<Point>
				<position>1</position>
				<quantity>0</quantity>
			</Point>
		</Period>
		<Period>
			<timeInterval>
				<start>2025-04-29T01:30Z</start>
				<end>2025-04-29T02:00Z</end>
			</timeInterval>
			<resolution>PT15M</resolution>
			<Point>
				<position>1</position>
				<quantity>0</quantity>
			</Point>
			<Point>
				<position>2</position>
				<quantity>1</quantity>
			</Point>
		</Period>
		<Period>
			<timeInterval>
				<start>2025-04-29T02:30Z</start>
				<end>2025-04-29T03:15Z</end>
			</timeInterval>
			<resolution>PT15M</resolution>
			<Point>
				<position>1</position>
				<quantity>1</quantity>
			</Point>
			<Point>
				<position>2</position>
				<quantity>6</quantity>
			</Point>
			<Point>
				<position>3</position>
				<quantity>2</quantity>
			</Point>
		</Period>
		<Period>
			<timeInterval>
				<start>2025-04-29T09:30Z</start>
				<end>2025-04-29T10:45Z</end>
			</timeInterval>
			<resolution>PT15M</resolution>
			<Point>
				<position>1</position>
				<quantity>17</quantity>
			</Point>
			<Point>
				<position>2</position>
				<quantity>5</quantity>
			</Point>
			<Point>
				<position>3</position>
				<quantity>11</quantity>
			</Point>
			<Point>
				<position>4</position>
				<quantity>6</quantity>
			</Point>
			<Point>
				<position>5</position>
				<quantity>2</quantity>
			</Point>
		</Period>
		<Period>
			<timeInterval>
				<start>2025-04-29T13:45Z</start>
				<end>2025-04-29T14:00Z</end>
			</timeInterval>
			<resolution>PT15M</resolution>
			<Point>
				<position>1</position>
				<quantity>1</quantity>
			</Point>
		</Period>
	</TimeSeries>
</Balancing_MarketDocument>
