<?xml version="1.0" encoding="UTF-8"?>
<Balancing_MarketDocument xmlns="urn:iec62325.351:tc57wg16:451-6:balancingdocument:4:4">
	<mRID>ad0ce159872841e986ce0c4c61cc03b8</mRID>
	<revisionNumber>1</revisionNumber>
    <type>A85</type>
	<process.processType>A16</process.processType>
	<sender_MarketParticipant.mRID codingScheme="A01">10X1001A1001A450</sender_MarketParticipant.mRID>
	<sender_MarketParticipant.marketRole.type>A32</sender_MarketParticipant.marketRole.type>
	<receiver_MarketParticipant.mRID codingScheme="A01">10X1001A1001A450</receiver_MarketParticipant.mRID>
	<receiver_MarketParticipant.marketRole.type>A33</receiver_MarketParticipant.marketRole.type>
	<createdDateTime>2025-04-29T15:04:08Z</createdDateTime>
	<docStatus><value>A01</value></docStatus>
	<area_Domain.mRID codingScheme="A01">10YRO-TEL------P</area_Domain.mRID>
	<period.timeInterval>
		<start>2025-04-28T21:00Z</start>
		<end>2025-04-29T14:45Z</end>
	</period.timeInterval>
	<TimeSeries>
		<mRID>1</mRID>
		<businessType>A19</businessType>
		<currency_Unit.name>RON</currency_Unit.name>
		<price_Measure_Unit.name>MWH</price_Measure_Unit.name>
		<curveType>A01</curveType>
		<Period>
			<timeInterval>
				<start>2025-04-28T21:00Z</start>
				<end>2025-04-29T14:45Z</end>
			</timeInterval>
			<resolution>PT15M</resolution>
			<Point>
				<position>1</position>
				<imbalance_Price.amount>246.15</imbalance_Price.amount>
				<imbalance_Price.category>A04</imbalance_Price.category>
			</Point>
			<Point>
				<position>2</position>
				<imbalance_Price.amount>207.19</imbalance_Price.amount>
				<imbalance_Price.category>A04</imbalance_Price.category>
			</Point>
			<Point>
				<position>3</position>
				<imbalance_Price.amount>140.25</imbalance_Price.amount>
				<imbalance_Price.category>A04</imbalance_Price.category>
			</Point>
			<Point>
				<position>4</position>
				<imbalance_Price.amount>297.51</imbalance_Price.amount>
				<imbalance_Price.category>A04</imbalance_Price.category>
			</Point>
			<Point>
				<position>5</position>
				<imbalance_Price.amount>392.12</imbalance_Price.amount>
				<imbalance_Price.category>A04</imbalance_Price.category>
			</Point>
			<Point>
				<position>6</position>
				<imbalance_Price.amount>400.00</imbalance_Price.amount>
				<imbalance_Price.category>A04</imbalance_Price.category>
			</Point>
			<Point>
				<position>7</position>
				<imbalance_Price.amount>242.17</imbalance_Price.amount>
				<imbalance_Price.category>A04</imbalance_Price.category>
			</Point>
			<Point>
				<position>8</position>
				<imbalance_Price.amount>317.31</imbalance_Price.amount>
				<imbalance_Price.category>A04</imbalance_Price.category>
			</Point>
			<Point>
				<position>9</position>
				<imbalance_Price.amount>898.05</imbalance_Price.amount>
				<imbalance_Price.category>A04</imbalance_Price.category>
			</Point>
			<Point>
				<position>10</position>
				<imbalance_Price.amount>242.60</imbalance_Price.amount>
				<imbalance_Price.category>A04</imbalance_Price.category>
			</Point>
			<Point>
				<position>11</position>
				<imbalance_Price.amount>37.84</imbalance_Price.amount>
				<imbalance_Price.category>A04</imbalance_Price.category>
			</Point>
			<Point>
				<position>12</position>
				<imbalance_Price.amount>196.62</imbalance_Price.amount>
				<imbalance_Price.category>A04</imbalance_Price.category>
			</Point>
			<Point>
				<position>13</position>
				<imbalance_Price.amount>299.35</imbalance_Price.amount>
				<imbalance_Price.category>A04</imbalance_Price.category>
			</Point>
			<Point>
				<position>14</position>
				<imbalance_Price.amount>374.22</imbalance_Price.amount>
				<imbalance_Price.category>A04</imbalance_Price.category>
			</Point>
			<Point>
				<position>15</position>
				<imbalance_Price.amount>399.61</imbalance_Price.amount>
				<imbalance_Price.category>A04</imbalance_Price.category>
			</Point>
			<Point>
				<position>16</position>
				<imbalance_Price.amount>145.00</imbalance_Price.amount>
				<imbalance_Price.category>A04</imbalance_Price.category>
			</Point>
			<Point>
				<position>17</position>
				<imbalance_Price.amount>206.48</imbalance_Price.amount>
				<imbalance_Price.category>A04</imbalance_Price.category>
			</Point>
			<Point>
				<position>18</position>
				<imbalance_Price.amount>285.92</imbalance_Price.amount>
				<imbalance_Price.category>A04</imbalance_Price.category>
			</Point>
			<Point>
				<position>19</position>
				<imbalance_Price.amount>380.95</imbalance_Price.amount>
				<imbalance_Price.category>A04</imbalance_Price.category>
			</Point>
			<Point>
				<position>20</position>
				<imbalance_Price.amount>400.00</imbalance_Price.amount>
				<imbalance_Price.category>A04</imbalance_Price.category>
			</Point>
			<Point>
				<position>21</position>
				<imbalance_Price.amount>397.37</imbalance_Price.amount>
				<imbalance_Price.category>A04</imbalance_Price.category>
			</Point>
			<Point>
				<position>22</position>
				<imbalance_Price.amount>380.75</imbalance_Price.amount>
				<imbalance_Price.category>A04</imbalance_Price.category>
			</Point>
			<Point>
				<position>23</position>
				<imbalance_Price.amount>400.00</imbalance_Price.amount>
				<imbalance_Price.category>A04</imbalance_Price.category>
			</Point>
			<Point>
				<position>24</position>
				<imbalance_Price.amount>843.92</imbalance_Price.amount>
				<imbalance_Price.category>A04</imbalance_Price.category>
			</Point>
			<Point>
				<position>25</position>
				<imbalance_Price.amount>162.83</imbalance_Price.amount>
				<imbalance_Price.category>A04</imbalance_Price.category>
			</Point>
			<Point>
				<position>26</position>
				<imbalance_Price.amount>-57.06</imbalance_Price.amount>
				<imbalance_Price.category>A04</imbalance_Price.category>
			</Point>
			<Point>
				<position>27</position>
				<imbalance_Price.amount>215.16</imbalance_Price.amount>
				<imbalance_Price.category>A04</imbalance_Price.category>
			</Point>
			<Point>
				<position>28</position>
				<imbalance_Price.amount>219.51</imbalance_Price.amount>
				<imbalance_Price.category>A04</imbalance_Price.category>
			</Point>
			<Point>
				<position>29</position>
				<imbalance_Price.amount>-1932.58</imbalance_Price.amount>
				<imbalance_Price.category>A04</imbalance_Price.category>
			</Point>
			<Point>
				<position>30</position>
				<imbalance_Price.amount>145.71</imbalance_Price.amount>
				<imbalance_Price.category>A04</imbalance_Price.category>
			</Point>
			<Point>
				<position>31</position>
				<imbalance_Price.amount>-32.82</imbalance_Price.amount>
				<imbalance_Price.category>A04</imbalance_Price.category>
			</Point>
			<Point>
				<position>32</position>
				<imbalance_Price.amount>-192.41</imbalance_Price.amount>
				<imbalance_Price.category>A04</imbalance_Price.category>
			</Point>
			<Point>
				<position>33</position>
				<imbalance_Price.amount>227.69</imbalance_Price.amount>
				<imbalance_Price.category>A04</imbalance_Price.category>
			</Point>
			<Point>
				<position>34</position>
				<imbalance_Price.amount>330.73</imbalance_Price.amount>
				<imbalance_Price.category>A04</imbalance_Price.category>
			</Point>
			<Point>
				<position>35</position>
				<imbalance_Price.amount>-2377.61</imbalance_Price.amount>
				<imbalance_Price.category>A04</imbalance_Price.category>
			</Point>
			<Point>
				<position>36</position>
				<imbalance_Price.amount>-6067.92</imbalance_Price.amount>
				<imbalance_Price.category>A04</imbalance_Price.category>
			</Point>
			<Point>
				<position>37</position>
				<imbalance_Price.amount>31.28</imbalance_Price.amount>
				<imbalance_Price.category>A04</imbalance_Price.category>
			</Point>
			<Point>
				<position>38</position>
				<imbalance_Price.amount>-1494.98</imbalance_Price.amount>
				<imbalance_Price.category>A04</imbalance_Price.category>
			</Point>
			<Point>
				<position>39</position>
				<imbalance_Price.amount>-2853.56</imbalance_Price.amount>
				<imbalance_Price.category>A04</imbalance_Price.category>
			</Point>
			<Point>
				<position>40</position>
				<imbalance_Price.amount>-2663.31</imbalance_Price.amount>
				<imbalance_Price.category>A04</imbalance_Price.category>
			</Point>
			<Point>
				<position>41</position>
				<imbalance_Price.amount>-362.32</imbalance_Price.amount>
				<imbalance_Price.category>A04</imbalance_Price.category>
			</Point>
			<Point>
				<position>42</position>
				<imbalance_Price.amount>-5.73</imbalance_Price.amount>
				<imbalance_Price.category>A04</imbalance_Price.category>
			</Point>
			<Point>
				<position>43</position>
				<imbalance_Price.amount>-1479.89</imbalance_Price.amount>
				<imbalance_Price.category>A04</imbalance_Price.category>
			</Point>
			<Point>
				<position>44</position>
				<imbalance_Price.amount>-2926.02</imbalance_Price.amount>
				<imbalance_Price.category>A04</imbalance_Price.category>
			</Point>
			<Point>
				<position>45</position>
				<imbalance_Price.amount>-52.54</imbalance_Price.amount>
				<imbalance_Price.category>A04</imbalance_Price.category>
			</Point>
			<Point>
				<position>46</position>
				<imbalance_Price.amount>14.65</imbalance_Price.amount>
				<imbalance_Price.category>A04</imbalance_Price.category>
			</Point>
			<Point>
				<position>47</position>
				<imbalance_Price.amount>18.87</imbalance_Price.amount>
				<imbalance_Price.category>A04</imbalance_Price.category>
			</Point>
			<Point>
				<position>48</position>
				<imbalance_Price.amount>1.31</imbalance_Price.amount>
				<imbalance_Price.category>A04</imbalance_Price.category>
			</Point>
			<Point>
				<position>49</position>
				<imbalance_Price.amount>-10.82</imbalance_Price.amount>
				<imbalance_Price.category>A04</imbalance_Price.category>
			</Point>
			<Point>
				<position>50</position>
				<imbalance_Price.amount>0.30</imbalance_Price.amount>
				<imbalance_Price.category>A04</imbalance_Price.category>
			</Point>
			<Point>
				<position>51</position>
				<imbalance_Price.amount>1953.01</imbalance_Price.amount>
				<imbalance_Price.category>A04</imbalance_Price.category>
			</Point>
			<Point>
				<position>52</position>
				<imbalance_Price.amount>190.00</imbalance_Price.amount>
				<imbalance_Price.category>A04</imbalance_Price.category>
			</Point>
			<Point>
				<position>53</position>
				<imbalance_Price.amount>599.98</imbalance_Price.amount>
				<imbalance_Price.category>A04</imbalance_Price.category>
			</Point>
			<Point>
				<position>54</position>
				<imbalance_Price.amount>510.52</imbalance_Price.amount>
				<imbalance_Price.category>A04</imbalance_Price.category>
			</Point>
			<Point>
				<position>55</position>
				<imbalance_Price.amount>452.61</imbalance_Price.amount>
				<imbalance_Price.category>A04</imbalance_Price.category>
			</Point>
			<Point>
				<position>56</position>
				<imbalance_Price.amount>19.92</imbalance_Price.amount>
				<imbalance_Price.category>A04</imbalance_Price.category>
			</Point>
			<Point>
				<position>57</position>
				<imbalance_Price.amount>110.49</imbalance_Price.amount>
				<imbalance_Price.category>A04</imbalance_Price.category>
			</Point>
			<Point>
				<position>58</position>
				<imbalance_Price.amount>39.66</imbalance_Price.amount>
				<imbalance_Price.category>A04</imbalance_Price.category>
			</Point>
			<Point>
				<position>59</position>
				<imbalance_Price.amount>-477.22</imbalance_Price.amount>
				<imbalance_Price.category>A04</imbalance_Price.category>
			</Point>
			<Point>
				<position>60</position>
				<imbalance_Price.amount>-3342.88</imbalance_Price.amount>
				<imbalance_Price.category>A04</imbalance_Price.category>
			</Point>
			<Point>
				<position>61</position>
				<imbalance_Price.amount>-1959.12</imbalance_Price.amount>
				<imbalance_Price.category>A04</imbalance_Price.category>
			</Point>
			<Point>
				<position>62</position>
				<imbalance_Price.amount>-883.21</imbalance_Price.amount>
				<imbalance_Price.category>A04</imbalance_Price.category>
			</Point>
			<Point>
				<position>63</position>
				<imbalance_Price.amount>-2455.84</imbalance_Price.amount>
				<imbalance_Price.category>A04</imbalance_Price.category>
			</Point>
			<Point>
				<position>64</position>
				<imbalance_Price.amount>-2.11</imbalance_Price.amount>
				<imbalance_Price.category>A04</imbalance_Price.category>
			</Point>
			<Point>
				<position>65</position>
				<imbalance_Price.amount>-261.97</imbalance_Price.amount>
				<imbalance_Price.category>A04</imbalance_Price.category>
			</Point>
			<Point>
				<position>66</position>
				<imbalance_Price.amount>12.84</imbalance_Price.amount>
				<imbalance_Price.category>A04</imbalance_Price.category>
			</Point>
			<Point>
				<position>67</position>
				<imbalance_Price.amount>22.35</imbalance_Price.amount>
				<imbalance_Price.category>A04</imbalance_Price.category>
			</Point>
			<Point>
				<position>68</position>
				<imbalance_Price.amount>165.36</imbalance_Price.amount>
				<imbalance_Price.category>A04</imbalance_Price.category>
			</Point>
			<Point>
				<position>69</position>
				<imbalance_Price.amount>-6108.15</imbalance_Price.amount>
				<imbalance_Price.category>A04</imbalance_Price.category>
			</Point>
			<Point>
				<position>70</position>
				<imbalance_Price.amount>-7001.00</imbalance_Price.amount>
				<imbalance_Price.category>A04</imbalance_Price.category>
			</Point>
			<Point>
				<position>71</position>
				<imbalance_Price.amount>-1418.39</imbalance_Price.amount>
				<imbalance_Price.category>A04</imbalance_Price.category>
			</Point>
		</Period>
	</TimeSeries>
	<TimeSeries>
		<mRID>2</mRID>
		<businessType>A19</businessType>
		<currency_Unit.name>RON</currency_Unit.name>
		<price_Measure_Unit.name>MWH</price_Measure_Unit.name>
		<curveType>A01</curveType>
		<Period>
			<timeInterval>
				<start>2025-04-28T21:00Z</start>
				<end>2025-04-29T14:45Z</end>
			</timeInterval>
			<resolution>PT15M</resolution>
			<Point>
				<position>1</position>
				<imbalance_Price.amount>712.94</imbalance_Price.amount>
				<imbalance_Price.category>A05</imbalance_Price.category>
			</Point>
			<Point>
				<position>2</position>
				<imbalance_Price.amount>207.19</imbalance_Price.amount>
				<imbalance_Price.category>A05</imbalance_Price.category>
			</Point>
			<Point>
				<position>3</position>
				<imbalance_Price.amount>140.25</imbalance_Price.amount>
				<imbalance_Price.category>A05</imbalance_Price.category>
			</Point>
			<Point>
				<position>4</position>
				<imbalance_Price.amount>737.08</imbalance_Price.amount>
				<imbalance_Price.category>A05</imbalance_Price.category>
			</Point>
			<Point>
				<position>5</position>
				<imbalance_Price.amount>828.65</imbalance_Price.amount>
				<imbalance_Price.category>A05</imbalance_Price.category>
			</Point>
			<Point>
				<position>6</position>
				<imbalance_Price.amount>706.79</imbalance_Price.amount>
				<imbalance_Price.category>A05</imbalance_Price.category>
			</Point>
			<Point>
				<position>7</position>
				<imbalance_Price.amount>700.00</imbalance_Price.amount>
				<imbalance_Price.category>A05</imbalance_Price.category>
			</Point>
			<Point>
				<position>8</position>
				<imbalance_Price.amount>742.60</imbalance_Price.amount>
				<imbalance_Price.category>A05</imbalance_Price.category>
			</Point>
			<Point>
				<position>9</position>
				<imbalance_Price.amount>898.05</imbalance_Price.amount>
				<imbalance_Price.category>A05</imbalance_Price.category>
			</Point>
			<Point>
				<position>10</position>
				<imbalance_Price.amount>741.78</imbalance_Price.amount>
				<imbalance_Price.category>A05</imbalance_Price.category>
			</Point>
			<Point>
				<position>11</position>
				<imbalance_Price.amount>37.84</imbalance_Price.amount>
				<imbalance_Price.category>A05</imbalance_Price.category>
			</Point>
			<Point>
				<position>12</position>
				<imbalance_Price.amount>196.62</imbalance_Price.amount>
				<imbalance_Price.category>A05</imbalance_Price.category>
			</Point>
			<Point>
				<position>13</position>
				<imbalance_Price.amount>700.00</imbalance_Price.amount>
				<imbalance_Price.category>A05</imbalance_Price.category>
			</Point>
			<Point>
				<position>14</position>
				<imbalance_Price.amount>717.60</imbalance_Price.amount>
				<imbalance_Price.category>A05</imbalance_Price.category>
			</Point>
			<Point>
				<position>15</position>
				<imbalance_Price.amount>713.54</imbalance_Price.amount>
				<imbalance_Price.category>A05</imbalance_Price.category>
			</Point>
			<Point>
				<position>16</position>
				<imbalance_Price.amount>700.00</imbalance_Price.amount>
				<imbalance_Price.category>A05</imbalance_Price.category>
			</Point>
			<Point>
				<position>17</position>
				<imbalance_Price.amount>700.00</imbalance_Price.amount>
				<imbalance_Price.category>A05</imbalance_Price.category>
			</Point>
			<Point>
				<position>18</position>
				<imbalance_Price.amount>0.00</imbalance_Price.amount>
				<imbalance_Price.category>A05</imbalance_Price.category>
			</Point>
			<Point>
				<position>19</position>
				<imbalance_Price.amount>728.30</imbalance_Price.amount>
				<imbalance_Price.category>A05</imbalance_Price.category>
			</Point>
			<Point>
				<position>20</position>
				<imbalance_Price.amount>740.73</imbalance_Price.amount>
				<imbalance_Price.category>A05</imbalance_Price.category>
			</Point>
			<Point>
				<position>21</position>
				<imbalance_Price.amount>722.65</imbalance_Price.amount>
				<imbalance_Price.category>A05</imbalance_Price.category>
			</Point>
			<Point>
				<position>22</position>
				<imbalance_Price.amount>729.77</imbalance_Price.amount>
				<imbalance_Price.category>A05</imbalance_Price.category>
			</Point>
			<Point>
				<position>23</position>
				<imbalance_Price.amount>777.27</imbalance_Price.amount>
				<imbalance_Price.category>A05</imbalance_Price.category>
			</Point>
			<Point>
				<position>24</position>
				<imbalance_Price.amount>843.92</imbalance_Price.amount>
				<imbalance_Price.category>A05</imbalance_Price.category>
			</Point>
			<Point>
				<position>25</position>
				<imbalance_Price.amount>742.89</imbalance_Price.amount>
				<imbalance_Price.category>A05</imbalance_Price.category>
			</Point>
			<Point>
				<position>26</position>
				<imbalance_Price.amount>-57.06</imbalance_Price.amount>
				<imbalance_Price.category>A05</imbalance_Price.category>
			</Point>
			<Point>
				<position>27</position>
				<imbalance_Price.amount>215.16</imbalance_Price.amount>
				<imbalance_Price.category>A05</imbalance_Price.category>
			</Point>
			<Point>
				<position>28</position>
				<imbalance_Price.amount>700.00</imbalance_Price.amount>
				<imbalance_Price.category>A05</imbalance_Price.category>
			</Point>
			<Point>
				<position>29</position>
				<imbalance_Price.amount>-1932.58</imbalance_Price.amount>
				<imbalance_Price.category>A05</imbalance_Price.category>
			</Point>
			<Point>
				<position>30</position>
				<imbalance_Price.amount>145.71</imbalance_Price.amount>
				<imbalance_Price.category>A05</imbalance_Price.category>
			</Point>
			<Point>
				<position>31</position>
				<imbalance_Price.amount>-32.82</imbalance_Price.amount>
				<imbalance_Price.category>A05</imbalance_Price.category>
			</Point>
			<Point>
				<position>32</position>
				<imbalance_Price.amount>-192.41</imbalance_Price.amount>
				<imbalance_Price.category>A05</imbalance_Price.category>
			</Point>
			<Point>
				<position>33</position>
				<imbalance_Price.amount>823.71</imbalance_Price.amount>
				<imbalance_Price.category>A05</imbalance_Price.category>
			</Point>
			<Point>
				<position>34</position>
				<imbalance_Price.amount>751.43</imbalance_Price.amount>
				<imbalance_Price.category>A05</imbalance_Price.category>
			</Point>
			<Point>
				<position>35</position>
				<imbalance_Price.amount>-2377.61</imbalance_Price.amount>
				<imbalance_Price.category>A05</imbalance_Price.category>
			</Point>
			<Point>
				<position>36</position>
				<imbalance_Price.amount>-6067.92</imbalance_Price.amount>
				<imbalance_Price.category>A05</imbalance_Price.category>
			</Point>
			<Point>
				<position>37</position>
				<imbalance_Price.amount>31.28</imbalance_Price.amount>
				<imbalance_Price.category>A05</imbalance_Price.category>
			</Point>
			<Point>
				<position>38</position>
				<imbalance_Price.amount>0.00</imbalance_Price.amount>
				<imbalance_Price.category>A05</imbalance_Price.category>
			</Point>
			<Point>
				<position>39</position>
				<imbalance_Price.amount>-2853.56</imbalance_Price.amount>
				<imbalance_Price.category>A05</imbalance_Price.category>
			</Point>
			<Point>
				<position>40</position>
				<imbalance_Price.amount>-2663.31</imbalance_Price.amount>
				<imbalance_Price.category>A05</imbalance_Price.category>
			</Point>
			<Point>
				<position>41</position>
				<imbalance_Price.amount>-362.32</imbalance_Price.amount>
				<imbalance_Price.category>A05</imbalance_Price.category>
			</Point>
			<Point>
				<position>42</position>
				<imbalance_Price.amount>-5.73</imbalance_Price.amount>
				<imbalance_Price.category>A05</imbalance_Price.category>
			</Point>
			<Point>
				<position>43</position>
				<imbalance_Price.amount>-1479.89</imbalance_Price.amount>
				<imbalance_Price.category>A05</imbalance_Price.category>
			</Point>
			<Point>
				<position>44</position>
				<imbalance_Price.amount>-2926.02</imbalance_Price.amount>
				<imbalance_Price.category>A05</imbalance_Price.category>
			</Point>
			<Point>
				<position>45</position>
				<imbalance_Price.amount>-52.54</imbalance_Price.amount>
				<imbalance_Price.category>A05</imbalance_Price.category>
			</Point>
			<Point>
				<position>46</position>
				<imbalance_Price.amount>14.65</imbalance_Price.amount>
				<imbalance_Price.category>A05</imbalance_Price.category>
			</Point>
			<Point>
				<position>47</position>
				<imbalance_Price.amount>18.87</imbalance_Price.amount>
				<imbalance_Price.category>A05</imbalance_Price.category>
			</Point>
			<Point>
				<position>48</position>
				<imbalance_Price.amount>1.31</imbalance_Price.amount>
				<imbalance_Price.category>A05</imbalance_Price.category>
			</Point>
			<Point>
				<position>49</position>
				<imbalance_Price.amount>-10.82</imbalance_Price.amount>
				<imbalance_Price.category>A05</imbalance_Price.category>
			</Point>
			<Point>
				<position>50</position>
				<imbalance_Price.amount>4881.08</imbalance_Price.amount>
				<imbalance_Price.category>A05</imbalance_Price.category>
			</Point>
			<Point>
				<position>51</position>
				<imbalance_Price.amount>1953.01</imbalance_Price.amount>
				<imbalance_Price.category>A05</imbalance_Price.category>
			</Point>
			<Point>
				<position>52</position>
				<imbalance_Price.amount>450.00</imbalance_Price.amount>
				<imbalance_Price.category>A05</imbalance_Price.category>
			</Point>
			<Point>
				<position>53</position>
				<imbalance_Price.amount>599.98</imbalance_Price.amount>
				<imbalance_Price.category>A05</imbalance_Price.category>
			</Point>
			<Point>
				<position>54</position>
				<imbalance_Price.amount>510.52</imbalance_Price.amount>
				<imbalance_Price.category>A05</imbalance_Price.category>
			</Point>
			<Point>
				<position>55</position>
				<imbalance_Price.amount>452.61</imbalance_Price.amount>
				<imbalance_Price.category>A05</imbalance_Price.category>
			</Point>
			<Point>
				<position>56</position>
				<imbalance_Price.amount>450.00</imbalance_Price.amount>
				<imbalance_Price.category>A05</imbalance_Price.category>
			</Point>
			<Point>
				<position>57</position>
				<imbalance_Price.amount>450.00</imbalance_Price.amount>
				<imbalance_Price.category>A05</imbalance_Price.category>
			</Point>
			<Point>
				<position>58</position>
				<imbalance_Price.amount>450.00</imbalance_Price.amount>
				<imbalance_Price.category>A05</imbalance_Price.category>
			</Point>
			<Point>
				<position>59</position>
				<imbalance_Price.amount>-477.22</imbalance_Price.amount>
				<imbalance_Price.category>A05</imbalance_Price.category>
			</Point>
			<Point>
				<position>60</position>
				<imbalance_Price.amount>-3342.88</imbalance_Price.amount>
				<imbalance_Price.category>A05</imbalance_Price.category>
			</Point>
			<Point>
				<position>61</position>
				<imbalance_Price.amount>-1959.12</imbalance_Price.amount>
				<imbalance_Price.category>A05</imbalance_Price.category>
			</Point>
			<Point>
				<position>62</position>
				<imbalance_Price.amount>-883.21</imbalance_Price.amount>
				<imbalance_Price.category>A05</imbalance_Price.category>
			</Point>
			<Point>
				<position>63</position>
				<imbalance_Price.amount>-2455.84</imbalance_Price.amount>
				<imbalance_Price.category>A05</imbalance_Price.category>
			</Point>
			<Point>
				<position>64</position>
				<imbalance_Price.amount>-2.11</imbalance_Price.amount>
				<imbalance_Price.category>A05</imbalance_Price.category>
			</Point>
			<Point>
				<position>65</position>
				<imbalance_Price.amount>-261.97</imbalance_Price.amount>
				<imbalance_Price.category>A05</imbalance_Price.category>
			</Point>
			<Point>
				<position>66</position>
				<imbalance_Price.amount>12.84</imbalance_Price.amount>
				<imbalance_Price.category>A05</imbalance_Price.category>
			</Point>
			<Point>
				<position>67</position>
				<imbalance_Price.amount>450.00</imbalance_Price.amount>
				<imbalance_Price.category>A05</imbalance_Price.category>
			</Point>
			<Point>
				<position>68</position>
				<imbalance_Price.amount>450.00</imbalance_Price.amount>
				<imbalance_Price.category>A05</imbalance_Price.category>
			</Point>
			<Point>
				<position>69</position>
				<imbalance_Price.amount>0.00</imbalance_Price.amount>
				<imbalance_Price.category>A05</imbalance_Price.category>
			</Point>
			<Point>
				<position>70</position>
				<imbalance_Price.amount>0.00</imbalance_Price.amount>
				<imbalance_Price.category>A05</imbalance_Price.category>
			</Point>
			<Point>
				<position>71</position>
				<imbalance_Price.amount>-1418.39</imbalance_Price.amount>
				<imbalance_Price.category>A05</imbalance_Price.category>
			</Point>
		</Period>
	</TimeSeries>
</Balancing_MarketDocument>
